{
  "assetsByChunkName": {
    "vendors~app-account~app-checkout~app-confirmation~app-order": "chunk.974c3bafcd4b356e0cc2.js",
    "vendors~app-account~app-confirmation~app-order": "chunk.9ece919180cc8df803a6.js",
    "vendors~app-account~app-checkout": "chunk.a854520c4c70c107f29d.js",
    "admin": [
      "admin.fc069b0fb9241035f30e.js",
      "admin.fc069b0fb9241035f30e.js.map"
    ],
    "app-account": "chunk.a8dac6e42039fceb708d.js",
    "app-confirmation": "chunk.876588f2b1fe7b6aa9bd.js",
    "app-order": "chunk.30ee62618a9d20e88558.js",
    "checkout": [
      "checkout.77cfa6a58f3dc9c27234.js",
      "checkout.77cfa6a58f3dc9c27234.js.map"
    ],
    "storefront": [
      "storefront.4e006797a9c9c4be3d2c.css",
      "storefront.a93e713595b87cc7c193.js",
      "storefront.4e006797a9c9c4be3d2c.css.map",
      "storefront.a93e713595b87cc7c193.js.map"
    ],
    "vendors~app-cart": "chunk.a50aae0e2039e9c19d6f.js",
    "vendors~app-checkout": "chunk.bec2fae6999f044ba06f.js"
  }
}