{
  "meta_title": "",
  "meta_description": "",
  "sections": [
    {
      "type": "banner-slider",
      "autoplay": 7000,
      "full_width": true,
      "slides": [
        {
          "img": "/img/uploads/site-pc.jpg",
          "link": "",
          "alt": "",
          "start": "2020-04-11T05:54:06.750Z",
          "end": "",
          "mobile_img": "/img/uploads/site-cel.jpg"
        },
        {
          "start": "2022-04-16T01:14:56.513Z",
          "end": "",
          "img": "/img/uploads/banner-site-2.png",
          "mobile_img": "/img/uploads/banner-site-3.png"
        }
      ]
    },
    {
      "type": "info-bar",
      "enabled": true
    },
    {
      "type": "banners-grid",
      "banners": [
        {
          "img": "/img/uploads/1.png"
        },
        {
          "img": "/img/uploads/2.png"
        },
        {
          "img": "/img/uploads/2.png",
          "mobile_img": "/img/uploads/2.png"
        }
      ]
    },
    {
      "type": "collection-shelf",
      "shuffle": false,
      "collection_id": null,
      "sort": "news",
      "title": "Lançamentos",
      "headless": false,
      "limit": 20,
      "page": 1
    }
  ]
}